Nama,Jabatan,Mapel
"Thoriq Abdul Azis M, S.Kom.","Staf Sinergi, Unit Produksi & Alumni",""
"Susi Listyarini, S.Pd.","Koord. QDPM",""
"Afhail Lucqi Sianggang, S.Kom.","Kaur PPDB dan Komunikasi",""
"Anisa Rizqi Utami, S.Pd.","Bimbingan Konseling",""
"Agus Widodo, S.Kom.","Staf Sarana Prasarana",""
"Nugrahani Puspitasari, S.I.Pust.","Staf Perpustakaan",""
"Arif Muttakin, S.T.","Waka Bid. Kesiswaan",""
"Agung Restu Saputra, S.Kom.","PIC IT, Lab & Sarana Prasarana",""
"Princes Iqlima Kafilla, S.Kom.","Koord. Program Keahlian PPLG",""
"Lulu Zakiyah, S.Kom.","Pembina Sekbid X",""
"Agustiana Dwi Nurcahyani, S.Pd., M.Pd.","Staf PPDB dan Komunikasi",""
"Imam Sugiharto, S.Pd.I.","Pembina Sekbid I (Rohis)",""
"Saefullah S","Laboran / Teknisi",""
"Winda Yusmawardani Putri, S.Pd.","Staf Perencanaan KBM dan Perpustakaan",""
"Wahyuni Tri Widayati, S.Pd.","Staf Pelaksanaan dan Evaluasi KBM",""
"Teguh Arif Hidayatuloh, S.Kom.","Staf Sarana Prasarana",""
"Nia Yuliana, S.Ak.","Staf Administrasi Keuangan",""
"Prasetyo Adi Wibowo, S.Pd., M.Pd.","Koord. Ekskul & Pembina Prestasi",""
"Tisna Eka Darwati, S.Psi., S.Sos.","Bimbingan Konseling",""
"Bintang Nugraha KS, S.Kom.","Staf Sinergi, Unit Produksi & Alumni",""
"Berlian Windasari, S.Kom.","Staf Sinergi, Unit Produksi & Alumni",""
"Nina Wijiati, S.Pd.","Staf Pelaksanaan dan Evaluasi KBM","Sejarah"
"Siti Mufsohah Muhimmati, S.Ag.","Pembina Sekbid VI",""
"Sri Mulani Widayati, S.Pd., M.Pd.","Kepala Administrasi",""
"Yuli Opia Sari, S.E.","Staf HC, Logistik & Sekretariat",""
"Tofik Nurhadi, S.Pd.","Staf Perencanaan KBM dan Perpustakaan",""
"Krisma Dwi Brata, S.Kom.","Waka Bid. Hubungan Industri & Komunikasi",""
